"countryName";"year";"year_value"
"Norway";"1990";"0.849"
"Norway";"2000";"0.917"
"Norway";"2010";"0.940"
"Norway";"2011";"0.941"
"Norway";"2012";"0.942"
"Norway";"2013";"0.942"
"Norway";"2014";"0.944"
"Australia";"1990";"0.865"
"Australia";"2000";"0.898"
"Australia";"2010";"0.927"
"Australia";"2011";"0.930"
"Australia";"2012";"0.932"
"Australia";"2013";"0.933"
"Australia";"2014";"0.935"
"Switzerland";"1990";"0.831"
"Switzerland";"2000";"0.888"
"Switzerland";"2010";"0.924"
"Switzerland";"2011";"0.925"
"Switzerland";"2012";"0.927"
"Switzerland";"2013";"0.928"
"Switzerland";"2014";"0.930"
"Denmark";"1990";"0.799"
"Denmark";"2000";"0.862"
"Denmark";"2010";"0.908"
"Denmark";"2011";"0.920"
"Denmark";"2012";"0.921"
"Denmark";"2013";"0.923"
"Denmark";"2014";"0.923"
"Netherlands";"1990";"0.829"
"Netherlands";"2000";"0.877"
"Netherlands";"2010";"0.909"
"Netherlands";"2011";"0.919"
"Netherlands";"2012";"0.920"
"Netherlands";"2013";"0.920"
"Netherlands";"2014";"0.922"
"Germany";"1990";"0.801"
"Germany";"2000";"0.855"
"Germany";"2010";"0.906"
"Germany";"2011";"0.911"
"Germany";"2012";"0.915"
"Germany";"2013";"0.915"
"Germany";"2014";"0.916"
"Ireland";"1990";"0.770"
"Ireland";"2000";"0.861"
"Ireland";"2010";"0.908"
"Ireland";"2011";"0.909"
"Ireland";"2012";"0.910"
"Ireland";"2013";"0.912"
"Ireland";"2014";"0.916"
