"Country or Area";"Year(s)";"Value";"Value Footnotes"
"Afghanistan";"2012";"29381";""
"Afghanistan";"2011";"27983";""
"Afghanistan";"2010";"28029";""
"Afghanistan";"2009";"26150";""
"Afghanistan";"2008";"28301";""
"Afghanistan";"2007";"28769";""
"Afghanistan";"2006";"25475";""
"Afghanistan";"2005";"21844";""
"Afghanistan";"2004";"18404";""
"Afghanistan";"2003";"13808";""
"Afghanistan";"2002";"13794";""
"Afghanistan";"2001";"10139";""
"Afghanistan";"2000";"7107";""
"Afghanistan";"1999";"3314";""
"Afghanistan";"1998";"3084";""
"Afghanistan";"1997";"1290";""
"Afghanistan";"1991";"23067";""
"Afghanistan";"1990";"4332";""
"Albania";"2012";"408";""
"Albania";"2011";"422";""
"Albania";"2010";"431";""
"Albania";"2009";"445";""
"Albania";"2008";"427";""
"Albania";"2007";"438";""
"Albania";"2006";"469";""
"Albania";"2005";"506";""
"Albania";"2004";"547";""
"Albania";"2003";"555";""
"Albania";"2002";"594";""
"Albania";"2001";"555";""
"Albania";"2000";"604";""
"Albania";"1999";"733";""
"Albania";"1998";"694";""
"Albania";"1997";"655";""
"Albania";"1996";"738";""
"Albania";"1995";"641";""
"Albania";"1994";"707";""
"Albania";"1991";"628";""
"Albania";"1990";"653";""
"Algeria";"2012";"21880";""
"Algeria";"2011";"21429";""
"Algeria";"2010";"22336";""
"Algeria";"2009";"21701";""
"Algeria";"2008";"20588";""
"Algeria";"2007";"21369";""
"Algeria";"2006";"21143";""
"Algeria";"2005";"21336";""
"Algeria";"2004";"19929";""
"Algeria";"2003";"19730";""
