<?xml version="1.1" encoding="UTF-8"?>
<expression:EMFExpression xmi:version="2.0" xmlns:xmi="http://www.omg.org/XMI" xmlns:expression="http:///expression.ecore" id="tMap_1=>" expression="TalendDate.parseDate(&quot;yyyy-MM-dd&quot;,row1.DATE_PRICE)">
  <variables name="row1.OFFICE" value="null" talendType="id_String" nullable="true"/>
  <variables name="row1.COUNTRY" value="null" talendType="id_String" nullable="true"/>
  <variables name="row2.OFFICE" value="null" talendType="id_String" nullable="true"/>
  <variables name="row2.GOODS" value="null" talendType="id_String" nullable="true"/>
  <variables name="row2.RESPONSIBLE" value="null" talendType="id_String" nullable="true"/>
  <variables name="row2.AMOUNT" value="null" talendType="id_Integer" nullable="true"/>
  <variables name="row2.PRICE" value="null" talendType="id_Float" nullable="true"/>
  <variables name="row2.DATE_PRICE" value="null" talendType="id_Date" nullable="true"/>
  <variables name="row1.GOODS" value="null" talendType="id_String" nullable="true"/>
  <variables name="row1.RESPONSIBLE" value="null" talendType="id_String" nullable="true"/>
  <variables name="row1.AMOUNT" value="null" talendType="id_Integer" nullable="true"/>
  <variables name="row1.PRICE" value="null" talendType="id_Float" nullable="true"/>
  <variables name="row1.DATE_PRICE" value="null" talendType="id_String" nullable="true"/>
  <variables name="row2.COUNTRY" value="null" talendType="id_String" nullable="true"/>
</expression:EMFExpression>
