<?xml version="1.1" encoding="UTF-8"?>
<expression:EMFExpression xmi:version="2.0" xmlns:xmi="http://www.omg.org/XMI" xmlns:expression="http:///expression.ecore" id="tMap_2=>" expression="joinHDI_rank.HDI_value">
  <variables name="joinHDI_rank.Country_or_Area" value="null" talendType="id_String" nullable="true"/>
  <variables name="joinHDI_rank.Year_s" value="null" talendType="id_String" nullable="true"/>
  <variables name="joinHDI_rank.HDI_rank" value="null" talendType="id_Integer" nullable="true"/>
  <variables name="joinHDI_rank.HDI_value" value="null" talendType="id_String" nullable="true"/>
  <variables name="row6.Country_or_Area" value="null" talendType="id_String" nullable="true"/>
  <variables name="row6.year_s_" value="null" talendType="id_String" nullable="true"/>
  <variables name="row6.value" value="null" talendType="id_String" nullable="true"/>
  <variables name="row6.value_Footnotes" value="null" talendType="id_String" nullable="true"/>
  <variables name="row7.Country_or_Area" value="null" talendType="id_String" nullable="true"/>
  <variables name="row7.Year_s_" value="null" talendType="id_String" nullable="true"/>
  <variables name="row7.Value" value="null" talendType="id_String" nullable="true"/>
  <variables name="row7.Value_Footnotes" value="null" talendType="id_String" nullable="true"/>
</expression:EMFExpression>
