<?xml version="1.1" encoding="UTF-8"?>
<expression:EMFExpression xmi:version="2.0" xmlns:xmi="http://www.omg.org/XMI" xmlns:expression="http:///expression.ecore" id="tMap_1=>" expression="StringHandling.CHANGE(row1.Country_or_Area,&quot;\&quot;*\&quot;&quot;,&quot;&quot;)">
  <variables name="row1.office" value="null" talendType="id_String" nullable="true"/>
  <variables name="row1.goods" value="null" talendType="id_String" nullable="true"/>
  <variables name="row1.responsible" value="null" talendType="id_String" nullable="true"/>
  <variables name="row1.amount" value="null" talendType="id_Integer" nullable="true"/>
  <variables name="row1.price" value="null" talendType="id_Double" nullable="true"/>
  <variables name="row1.date_price" value="null" talendType="id_Date" nullable="true"/>
  <variables name="row1.OFFICE" value="null" talendType="id_String" nullable="true"/>
  <variables name="row1.GOODS" value="null" talendType="id_String" nullable="true"/>
  <variables name="row1.RESPONSIBLE" value="null" talendType="id_String" nullable="true"/>
  <variables name="row1.AMOUNT" value="null" talendType="id_Integer" nullable="true"/>
  <variables name="row1.PRICE" value="null" talendType="id_Double" nullable="true"/>
  <variables name="row1.DATE_PRICE" value="2008-3-30" talendType="id_String" nullable="true"/>
  <variables name="row1.Country_or_Area" value="null" talendType="id_String" nullable="true"/>
  <variables name="row1.year_s_" value="null" talendType="id_String" nullable="true"/>
  <variables name="row1.value" value="null" talendType="id_String" nullable="true"/>
  <variables name="row1.value_Footnotes" value="null" talendType="id_String" nullable="true"/>
</expression:EMFExpression>
